MUNICÍPIO,DETALHE_PROJETO
Afonso Claudio,VIOLÕES
Alegre,VIOLÕES
Alfredo Chaves,VIOLÕES
Alto Rio Novo,VIOLÕES
Anchieta,VIOLÕES
Aracruz,VIOLÕES
Baixo Guandu,VIOLÕES
Boa Esperança,VIOLÕES
Cachoeiro de Itapemirim,VIOLÕES
Cariacica,VIOLÕES
Colatina,VIOLÕES
Divino de São Lourenço,VIOLÕES
Domingos Martins,VIOLÕES
Dores do Rio Preto,VIOLÕES
Ecoporanga,VIOLÕES
Guarapari,VIOLÕES
Ibatiba,VIOLÕES
Ibitirama,VIOLÕES
Iconha,VIOLÕES
Itapemirim,VIOLÕES
Iúna,VIOLÕES
Laranja da Terra,VIOLÕES
Mantenópolis,VIOLÕES
Mimoso do Sul,VIOLÕES
Muqui,VIOLÕES
Piúma,VIOLÕES
Presidente Kennedy,VIOLÕES
Santa Maria de Jetibá,VIOLÕES
Santa Teresa,VIOLÕES
São Domingos do Norte,VIOLÕES
São Gabriel da Palha,VIOLÕES
São Mateus,VIOLÕES
Serra,VIOLÕES
Viana,VIOLÕES
Vila Valério,VIOLÕES
Vila Velha,VIOLÕES
Vitoria,VIOLÕES
